sym,sector,value,mom,rev,auto,bh,n_mom,n_rev
1010,Financials,22472426.61,1.0160868525821112,0.2651097068611373,0.5129299619077244,0.2981547943627821,222,49
1020,Financials,41928448.42,0.0,-0.046111931265024046,0.3878266286900039,0.4242454696990027,300,48
1030,Financials,2574240.63,0.7552598360691136,0.15951395436702526,0.2785159516849676,0.31914870810326607,233,36
1050,Financials,13359686.65,0.0,0.8229811881257615,0.772388101352554,0.3446045393468878,240,46
1060,Financials,12314022.55,0.0,0.36893177602647853,0.290478275999246,0.3346242538875256,253,47
1080,Financials,10347912.6,1.0525292859925917,0.18418841227074412,0.30595129968909446,0.38125109303893745,230,39
1090,Financials,35836626.175,1.1853536700409806,0.0751913017092091,0.393517028068481,0.2523094245035325,216,49
1140,Financials,13819491.84,0.4313948902660993,-0.0903946277823669,-0.10181987011198969,-0.0004169030354493492,182,43
1150,Financials,267677906.89,0.39562486092151494,-0.09966324472497816,-0.018205842130915462,0.3118317603116718,144,30
1180,Financials,55991607.35,0.8151092183277536,-0.2773603746798044,0.7800220565663701,0.27550358110903944,56,13
1201,Materials,2815907.415,0.02939134045651474,-0.4352751687046878,0.23658130714734985,-0.36660041847118624,95,23
1202,Materials,4745549.71,0.3903142206184958,-0.7610633776839129,0.6130915326773694,-0.2246817247944656,48,11
1210,Materials,1388852.73,0.027812280028515317,0.14668132789266233,-0.032494082860849996,0.07951104617398724,146,26
1211,Materials,21386784.15,0.6576719205725097,-0.08694620005467715,0.483699366377369,0.44034640173248774,145,29
1212,Industrials,1376890.08,0.05725853316379881,-0.03277581870650272,-0.07999207045537318,-0.0900512336943422,136,29
1213,Consumer Discretionary,7780692.93,0.25322604786904107,-0.3958432559309619,0.2056660152424518,-0.19575042133573747,111,28
1214,Consumer Discretionary,3358948.1500000004,0.10156529975307504,-0.5109410976721563,0.04034980298524495,-0.24225499898497568,108,27
1301,Materials,1414362.05,0.24012366995330034,-0.022684028681038845,0.3120086848363838,-0.036749438606854166,103,23
1302,Industrials,2124623.11,0.049374577290349754,-0.11367626326155571,0.2566781344922898,-0.4526794230655629,67,19
1303,Industrials,1904355.67,0.9169381622787804,-0.3818280469641571,0.41697843051363764,-0.405993250682532,46,13
1304,Materials,2443888.05,-0.12629608469661951,-0.33759239209649017,-0.8516010783943723,-0.282632600639713,40,10
1320,Materials,4213585.18,0.45212793173943755,-0.13791392560357005,-0.2686168701064398,0.06850768277138507,115,24
1330,Industrials,0.0,0.1574804240890293,-0.6172345453103028,-0.001335355149967847,-0.5096953914056656,80,24
1810,Consumer Discretionary,23106842.740000002,-0.17081657384104415,0.09704133185863943,-0.383728084479053,0.0013293950332530443,95,26
1820,Consumer Discretionary,4310317.02,0.40374131607701425,-0.5789292301650015,0.02325218282134957,-0.9048278604106902,48,19
1830,Consumer Discretionary,8303351.15,1.109230551257756,0.13780368208413568,1.109230551257756,-0.5814799573418751,4,2
2001,Materials,9289124.745000001,0.27034396636816477,-0.28332850711718804,-0.42639337203540495,-0.10527678003809952,137,33
2002,Materials,3766020.865,0.366063767585245,0.01438980287808146,-0.22602514443216928,0.28545331484168696,131,24
2010,Materials,331437168.0,0.746443780947575,-0.07466419011077557,0.2383683150157167,0.46274716334651217,239,58
2020,Materials,16484603.100000001,0.923877466345407,0.03718643395287585,-0.029852829690203236,0.44855474343672586,231,48
2030,Energy,14944466.475000001,0.5187612586371907,-0.22637454099050042,0.3424834594787346,0.40908844664372607,233,41
2040,Industrials,4714070.59,0.0,-0.09496749427037149,0.18376816960337838,0.4167345640025158,218,50
2050,Consumer Staples,15494191.075,0.8358113536946926,0.06960573253869268,0.5373163742200632,0.4264265464673105,229,49
2060,Materials,34973250.69,1.0387557626958588,-0.11271833874721987,0.5654933365114045,0.39271797670852304,236,63
2070,Health Care,2463290.675,0.5596498338514662,-0.15868539501558265,0.37787192687072757,0.3022825565468545,231,49
2080,Utilities,3225890.225,0.201266816631832,-0.20336338452538177,-0.10473005343160326,0.22237173377713534,249,37
2090,Materials,2011218.25,-0.13371968122372443,-0.14697620014433574,-0.21226141418853556,0.031632096258255846,237,40
2100,Consumer Staples,1757664.5499999998,0.0,-0.20331114450410226,0.4218445532652277,0.3156763460326375,244,57
2110,Industrials,10549685.05,0.19972525921056106,-0.20454197901388577,0.06812072799794773,0.12690365945146123,232,52
2120,Financials,3440267.28,0.5152098803593285,-0.009974806280124487,0.37847262207647897,0.4260404669141565,243,42
2130,Consumer Discretionary,2579168.8200000003,0.4382158369324614,-0.03001916364827041,0.17039913447866661,0.3008348785420025,244,44
2140,Industrials,2380886.925,0.7646896524782181,-0.012972516792464856,0.1700310894698917,0.3144432643873745,225,42
2150,Materials,583655.27,0.5644523823258525,0.12426040101482463,0.01872541453395879,0.18610329121349684,217,54
2160,Industrials,6660196.91,0.4928553789371758,0.08456017039391699,0.3223725541416634,-0.017516006163956068,228,52
2170,Materials,10932459.085,0.0,0.31598983418031423,0.0,0.518682536747683,232,54
2180,Materials,1671248.9,0.35714222675740526,0.2256134114509775,0.16850453496967788,0.31191818464853893,222,41
2190,Industrials,4972691.8100000005,0.3930651793558831,-0.034803449249779,0.14508177037800465,0.39593459300380346,261,55
2200,Materials,5847673.64,0.35869118455505117,-0.22269508362065746,0.16628472662700527,0.128155628887532,213,48
2210,Materials,6833855.215,0.281547927109167,-0.11851494223724678,-0.05803818320535254,0.3005508569025385,235,44
2220,Materials,1406422.91,0.3731976588753225,0.06602128365789262,0.20066280263206884,0.3416320183784102,255,49
2230,Health Care,2450682.14,0.596207755953213,-0.09289306837980434,0.23426142830426444,0.2548506923433319,230,52
2240,Materials,1245273.02,0.0,-0.04757847545145072,0.15225666795303097,0.21249989083048348,240,47
2250,Materials,15187795.745000001,0.47316343400696204,-0.1983442076967815,0.4080019124319511,0.12689922060764308,214,44
2270,Consumer Staples,4502432.5,0.27473532975116155,-0.18871170015728306,-0.010859268472228572,0.313329569871542,206,35
2280,Consumer Staples,19016998.950000003,0.23130637927342276,0.08851672119667017,0.11945465094464827,0.38952895377740093,189,40
2290,Materials,25852166.35,0.7188001840268545,0.10023487874879632,0.7260673793267489,0.32390055359414044,178,45
2300,Materials,5543055.015000001,0.11891090197295628,0.07712607227559433,0.1579167708735907,-0.22803905866013027,157,41
2310,Materials,19787930.060000002,0.6424729914657822,-0.2824729761280879,0.42280840693225835,-0.03755391886133583,153,44
2320,Industrials,2584734.58,0.39714737028901337,0.09931035513911876,0.13720259669900525,0.04215092387753807,159,34
2330,Materials,13141158.7,0.59726329568204,-0.3397832480568401,-0.0868382729857107,0.26750323003166565,154,27
2340,Consumer Discretionary,1045965.06,-0.18771788988201377,0.33217640261522074,-0.07915749156092763,-0.29136902908492995,168,23
2350,Materials,79508958.47,0.3691970152592089,0.2158316655312605,0.36264222217667164,-0.08462031225248914,146,40
2360,Industrials,750012.1000000001,0.0,0.2818401632598235,0.3061008903776888,0.04850201895921551,169,33
2370,Industrials,3185770.785,-0.09094606319340254,0.23463973381145795,0.19787683588836621,-0.2167247108217881,151,33
2380,Energy,22550473.79,0.0,-0.5296086203741778,0.0,0.10620611103487594,143,39
3001,Materials,2882808.48,0.8108505805057111,-0.29362948133638267,0.6642308369470526,-0.03191324079870124,96,23
3002,Materials,10547163.84,0.5573881150073179,-0.6803201686219986,0.25706692957069266,-0.3184423979959192,86,26
3003,Materials,6648175.9399999995,0.39217970370422933,-0.2622810762497209,0.30297480954394257,-0.07371284616413364,77,24
3004,Materials,3507246.885,0.27700398988749203,-0.024346063152779117,0.3101831805382182,-0.4408371060492771,69,22
3005,Materials,4642632.68,0.8044354236735589,-0.30646595083970035,0.5677198645535035,-0.148368935769211,51,18
3007,Materials,3542703.05,-0.7268305350467045,1.2090167063998414,0.6461033324463217,0.9333381096886632,22,6
3008,Materials,36442.6,0.0,-0.084739513847779,0.45973030124508196,1.8392474758233215,19,2
3010,Materials,4461938.1,0.626446113515181,-0.27283979535754876,0.1992429826009715,0.18629500845231106,222,52
3020,Materials,5305953.01,0.8202745698236801,-0.20545291831545745,0.2877382669396064,0.1498760440745773,234,50
3030,Materials,6478737.625,0.7820787277321629,-0.14400617984867414,0.2940661326364173,0.24601622360846978,232,56
3040,Materials,3110060.2,0.6613170034125405,-0.10752432614780146,-0.09735815284843069,0.2563358345377822,229,39
3050,Materials,4428306.550000001,0.0,0.4323619081602064,0.5878676336048869,0.1640162940425441,225,47
3060,Materials,5809596.574999999,0.40009128943628,0.1531942705109921,0.1475478900051841,0.20641194320006473,236,52
3080,Materials,2241940.5,0.5691409366989211,0.18590487620583201,0.38070184554728054,0.10860059235767322,213,52
3090,Materials,3164961.04,0.4123615507126863,0.19843020508420617,0.2652821752543784,0.10705126551330144,217,37
3091,Materials,4846799.14,0.23882825777311983,-0.20435784958586545,0.18834694953850253,-0.03384941851489901,109,20
4001,Consumer Staples,6782358.75,0.8473972765326263,0.24605765646846514,0.45252584357471043,0.8251107668658397,141,34
4002,Health Care,6000755.25,-0.2577738388593874,0.3522706388973436,-0.20044799454547427,0.7888277060510392,138,15
4003,Consumer Discretionary,10111397.7,0.2238510033386327,0.12332884738080165,0.008502342544293986,0.3653270607235367,99,25
4004,Health Care,8236607.675000001,-0.02841717561655594,0.06517564700385868,-0.04393115749380979,0.24353259874371547,84,23
4005,Health Care,5375109.8,0.018687763099848997,-0.19468897030986426,-0.1070540207004999,0.018964069650050906,77,18
4006,Consumer Staples,1524283.25,-0.035131222289633106,-0.5358989395945372,-0.5379291791869586,-0.7328579715089777,63,21
4007,Health Care,5677792.744999999,0.15053535749336072,-0.8752223541081084,0.11294041195217092,-0.4716120665619349,62,21
4008,Consumer Discretionary,6589170.699999999,-0.40658944871160413,-0.31902367255695613,-0.24664605130148215,0.027598527038685306,50,10
4009,Health Care,8496596.524999999,-0.07165635629503832,-0.9184461294984915,-0.07165635629503832,-1.0803247686061657,34,14
4010,Consumer Discretionary,1781139.49,0.0,0.48621137353956934,0.004393518893877101,0.36095227668085983,254,47
4011,Consumer Discretionary,1820424.79,0.16321317509031316,-0.2387821553921132,-0.2387821553921132,-0.7779878076650741,33,10
4012,Consumer Discretionary,170304.805,0.0,0.7097881995403976,0.7097881995403976,0.7364711804563823,21,3
4020,Real Estate,4211229.16,0.4403618894672088,-0.02834995057606422,0.13273996933781762,0.30578206154155063,235,43
4030,Energy,22205341.525,0.12393149889083241,0.3554522744404043,0.2263108272833521,0.3784826642648818,251,55
4031,Industrials,9890096.5,-0.25001850281633503,-0.03214737795514476,-0.12452456204318105,-0.41688274947194587,48,15
4040,Industrials,8327092.17,0.3073524992704019,-0.009272789871430437,0.12370906062374697,0.2902977676917833,247,44
4050,Consumer Discretionary,5779014.58,0.5318094107389606,-0.02852467319567421,0.1925828430799637,0.4631208536501114,269,49
4051,Consumer Discretionary,194618.58000000002,0.0,0.3702755859080622,0.5322786131710284,0.7367009037898521,35,3
4061,Consumer Staples,2734072.37,0.6441313989356623,-0.385956532551817,0.583141426905295,0.18222250748148944,195,45
4070,Communication Services,9491507.575,0.5707988243394795,-0.08074577668591515,0.3865063512702506,0.3318566738017115,232,40
4080,Financials,2135512.64,0.4138017099628314,-0.03939353871168667,0.086619753709824,0.2889569992730214,252,53
4090,Real Estate,2095381.5,0.3468451319073349,0.42742002265770435,0.3438684993896183,0.41536404458428405,239,45
4100,Real Estate,2150376.35,0.8126643124073977,0.03214291346483781,0.3977523138895219,0.29763217182750057,228,40
4110,Industrials,4299684.925000001,0.39254480881511544,0.10957078861688006,0.12797428664186372,0.40317136073892057,252,52
4130,Financials,3498802.08,0.5046503598739438,-0.018374480605656166,0.280968374669153,0.32392656754528,158,33
4140,Industrials,12201264.899999999,1.0330639601728393,-0.11138407473387256,0.7049929080256526,0.36099272755262474,231,57
4150,Real Estate,4512871.1899999995,0.6632100221943987,0.12781210212211516,0.3079840783662346,0.3624195269198384,245,53
4160,Consumer Staples,2842968.17,0.7756474928552513,-0.30103822716854867,0.45060973397302573,0.2050681229396488,190,42
4170,Consumer Discretionary,2977229.99,0.7966959064032012,-0.18620847494695708,0.4928644683714217,0.3921141272811428,226,52
4180,Consumer Discretionary,1166476.22,0.02484324936879029,-0.05878004021920932,-0.09121722669893724,0.16838194158987632,215,35
4190,Consumer Discretionary,15519193.9,0.016276660690715625,0.16705572375196318,0.2302352450029206,0.6488603044941039,221,38
4191,Consumer Discretionary,192819.53,0.0,0.3877927824360129,0.3877927824360129,0.8002128791865685,29,3
4200,Energy,10033141.2,0.2551914300235625,-0.17305398169972977,0.2883151952025723,0.28785811538583783,186,38
4210,Communication Services,10640361.649999999,0.6381467997539182,-0.051147885013042904,0.8342150585560452,0.24539287618777447,145,33
4220,Real Estate,13197558.17,0.38031787151563484,0.08719264748793724,0.12383125081092634,0.043635279207579196,150,38
4230,Real Estate,1171139.48,-0.4671895796836393,0.1793746934276053,-0.11747030820643663,-0.014810402317710783,166,41
4240,Consumer Discretionary,10063020.515,0.26689830692874134,0.42260289335524825,0.2678926692833294,0.21242007430197687,177,40
4250,Real Estate,23031835.125,0.5349495866781011,-0.20975823221971385,0.3874098355686703,0.2993149080027443,152,35
4260,Industrials,8356480.300000001,0.010212473517096253,0.15331387535197719,-0.07304512385591747,0.34631843782400085,167,32
4270,Industrials,4146199.6799999997,0.15162464522967073,0.27546964294463516,0.13238433087152024,0.05236781508784894,143,37
4280,Financials,1417045.56,0.0,0.19698199205083425,-0.03298642598617113,0.007325959271957436,120,30
4290,Consumer Discretionary,2877728.29,0.09685713957544868,0.08959267648860345,0.019308190060831027,0.2992082204281076,165,30
4291,Consumer Discretionary,2654842.9,0.32817487086260055,-1.6272335233324655,-1.2057726421728154,2.554749322736887,7,1
4300,Real Estate,96155829.2,0.43072765951914227,-0.3654955467792402,0.24228148738823188,0.056757543132336156,137,38
4310,Real Estate,4461906.125,0.31746508403415175,0.20276421514642481,-0.17837815095566045,0.26608860811547147,107,18
4320,Real Estate,4690511.13,-0.00289788047201086,-0.5288531013523,0.009938661055818214,-0.15597486270272157,42,10
4330,Real Estate,1199729.96,0.18946977842902446,0.8082617457352081,0.8082617457352081,0.007877898821047929,30,7
4331,Real Estate,3515990.6100000003,-0.056672854851592375,-0.4082463731816677,0.32218297235249604,-0.5420431191546107,21,6
4332,Real Estate,1024424.0700000001,0.42094350553513177,-0.7651561143357483,-1.4535153123931852,-0.5638817530664016,23,6
4333,Real Estate,697751.1,0.0,0.2730996885345939,0.2730996885345939,0.4109904775014023,22,2
4334,Real Estate,734933.06,2.0068502338990473,-1.176132158214843,1.6400599510168858,1.1287729358769063,18,1
4335,Real Estate,945368.99,0.1665386883599979,0.16175097366369057,0.16175097366369057,1.0184719080779177,21,2
4336,Real Estate,598689.925,0.9397328367271236,1.1973567043469389,0.23272372796924962,1.423581065938029,19,1
4337,Real Estate,841549.9199999999,-0.3014781315356197,-0.2638514241812403,-0.2638514241812403,0.8390686716383584,13,1
4338,Real Estate,819501.355,0.036678806442785296,1.683328469376213,1.256779005960331,1.5677695141561632,17,2
4339,Real Estate,1962487.03,1.5269397865366543,0.22324459637710173,0.22324459637710173,2.0778863604076925,14,2
4340,Real Estate,1216996.145,1.526067194839349,1.2029091977501516,1.2029091977501516,0.6821384072619568,10,1
4342,Real Estate,1267206.83,0.9682142134609666,0.0,0.0,1.7291826393612388,14,0
4344,Real Estate,656598.5549999999,1.613598869918121,0.0,0.0,2.398984182452867,12,0
4345,Real Estate,211974.33000000002,0.0,0.0,0.0,0.5886951740156613,7,0
4347,Real Estate,257123.975,0.0,0.0,0.0,1.4489047444617393,10,0
5110,Utilities,20675358.9,0.2484464602620195,0.07483640774525281,0.11721136551765018,0.22727386746322886,237,37
6001,Consumer Staples,820419.875,-0.2556964747578772,-0.2003252856508239,-0.15395332102223416,0.1828398620122847,136,26
6002,Consumer Discretionary,2355114.55,-0.31442624942856356,0.26230014528534934,0.09616551372236551,0.28045871877604284,124,19
6004,Industrials,7880047.300000001,0.2759251180338144,-0.8705492628928884,-0.8462200337162543,-0.09988539103927743,84,18
6010,Consumer Staples,2719266.92,0.0,-0.08524407579379226,0.45850272805671427,0.44783759510933596,243,45
6012,Consumer Discretionary,222512.06,0.0,0.18535710573079822,0.5564315200176245,0.19890663671414294,21,3
6020,Consumer Staples,3291193.42,0.34280818162406196,-0.01501805058249552,-0.0501990138831401,0.35618376241434424,249,48
6040,Consumer Staples,2211622.75,0.1532172867924446,0.03872210895453568,-0.31257706571185345,0.3035551326429154,244,45
6050,Consumer Staples,10169851.08,0.0,-0.032359093965968484,0.251726787279846,0.35436474316043354,225,50
6060,Consumer Staples,4737704.35,0.0,-0.17530097519086638,0.0,0.500907910874466,238,43
6070,Consumer Staples,1523226.605,0.5518940360562261,0.26369994725697116,0.2958735666283141,0.4181689232514181,235,45
6090,Consumer Staples,2565423.2,0.6320823517448982,-0.2797195206871035,0.21057795789583383,0.36437044953787745,236,44
7010,Communication Services,38814629.05,0.770336719849335,0.20808704761679858,0.2745532194434907,0.20243318717388573,218,60
7020,Communication Services,40678242.81,0.0,0.31274764026921265,0.0,-0.1019458051618716,193,52
7030,Communication Services,27473756.08,0.1358771970797664,-0.20060258264669986,-0.36358728398107165,-0.20038511347805882,131,29
7040,Communication Services,0.0,-0.4635506211631107,-0.1325292028884028,-0.30339320482574345,-0.6185710622717818,92,18
7201,Information Technology,183300.06,0.0,0.0,-0.22214755943937856,1.048620838190793,31,0
8010,Financials,13150395.45,0.5009749805399002,0.06911487367072261,0.2481771159238035,0.24318990018678793,182,42
8012,Financials,3424014.3,0.13423204415745146,-0.22187127539737178,-0.4646899759891674,-0.7387968647433459,69,22
8020,Financials,5506117.26,0.19077929621800171,-0.32903795274792913,0.10781319003903128,-0.28974756222041276,153,38
8030,Financials,5276094.720000001,-0.05480276952547337,-0.25834888049288435,-0.25728523178800883,0.05098783022025377,156,29
8040,Financials,2533274.7249999996,0.6949234092324668,-0.5089787113186807,0.4389931239685768,0.1565505996261696,136,32
8050,Financials,4179355.69,0.18150056356187275,-0.2958332558255582,0.2444819105856993,-0.13117881605273907,151,42
8060,Financials,3835201.24,0.18071357060845983,-0.0042239442752794055,0.0265456763278721,0.22387201647315658,151,36
8070,Financials,4327368.795,0.4140562893194669,-0.460064395640632,-0.12343689968996742,0.16997407756680924,140,39
8080,Financials,2159753.02,0.7847408342941001,-0.10108695833736298,0.8331811539109151,0.16968717852493242,131,35
8100,Financials,2556238.09,-0.4221204782946469,0.3624998832991828,-0.00866898217439987,0.14070784567647823,156,39
8110,Financials,0.0,0.39170173058955465,-0.25209771440955736,0.18329953543904257,-0.06128531397003216,125,29
8120,Financials,1372311.38,0.03737616717690685,-0.11884870573584469,0.04565403754888731,0.08407759760611727,146,28
8130,Financials,2803398.5999999996,0.2109369923557355,-0.27245126635344774,0.04744728185159745,0.05423345719845845,133,28
8140,Financials,2876097.945,0.1359751497646693,0.12264799358062764,0.1651464510865317,0.08897419943065858,142,34
8150,Financials,1758862.75,0.59456290214927,-0.23992098574190418,0.5325456884673968,0.17611065012689708,144,28
8160,Financials,3525204.75,0.32974284637683837,0.4634323115043671,-0.03510690741315649,0.08877653276373648,139,33
8170,Financials,3431002.93,0.36743184410992785,-0.4680024838284275,0.13957181416298714,0.24990109894583867,151,36
8180,Financials,2978972.29,-0.15717091031315553,-0.24368150450030757,-0.15540811873731003,0.1729656213707775,156,27
8190,Financials,1998389.5699999998,-0.2048343134569728,0.4165822593714096,-0.13984364278741931,0.012577322023357776,143,29
8200,Financials,4798057.76,-0.10614411350109698,0.1352765069452963,0.14608690724438614,0.02665649322887429,127,25
8210,Financials,11090561.649999999,0.4130279601417764,0.1678432946513276,0.3733098347001094,0.8340935014954017,142,27
8230,Financials,10251534.35,-0.13500110437967539,0.26374870086383556,0.27154026398335035,0.4581842008049594,136,29
8240,Financials,2675848.3899999997,0.12624569581125397,-0.17053966783937868,0.09794927543140668,0.30105160561928657,129,29
8250,Financials,3297763.55,0.3038602472977448,-0.23184405522914794,0.2722950084213847,0.45837729143672407,120,24
8260,Financials,1685286.9500000002,-0.3511468835544968,-0.059025413122261845,-0.11317645465829501,-0.1480265098331959,120,31
8270,Financials,2920909.74,0.3499820658527846,-0.7128283765311113,0.2464527662680406,0.38284832841507366,120,20
8280,Financials,4051051.1500000004,0.48233671994027655,-0.36989863581426724,0.23867453420350898,0.2703029633401102,122,32
8290,Financials,2219573.45,-0.3662278359680515,-0.15700344537368355,-0.2642764203809018,-0.08661318317751214,107,24
8300,Financials,1439958.08,0.22666939638033262,0.16700099567547688,-0.2143771585034567,0.055852548343508474,112,24
8310,Financials,7987882.24,0.02008406891141684,0.26838207617876514,-0.006286284349477105,-0.06527332873343955,110,30
8311,Financials,8349739.42,0.6844799025390115,0.026716572368743335,0.5191853938547951,-0.44710027332002744,81,25
8312,Financials,2464268.81,-0.28277561943070395,-0.40019825836676703,-0.29986342004743666,-0.36870279448605087,79,17
