series,long,n,trend_up_n,trend_up_bp,trend_up_t,trend_down_n,trend_down_bp,trend_down_t,range_n,range_bp,range_t,exhaust_up_n,exhaust_up_bp,exhaust_up_t,exhaust_down_n,exhaust_down_bp,exhaust_down_t,thrust_n,thrust_bp,thrust_t,bull_n,bull_bp,bull_t,bear_n,bear_bp,bear_t
TSLA,True,3343,376,157.96157529712897,0.8361518148732439,115,189.0401609598786,0.5693865294340559,2713,-39.63790608122937,-0.5804256270063824,75,508.6360184299801,0.8750527110980412,54,492.5743807323889,1.3537471155252903,53,409.830111010068,0.859813664693272,14,324.06625116133796,0.33782465233769404,23,251.18093174428023,0.3052254986226419
MSFT,True,3448,387,-47.94181166780315,-0.8018643395365541,49,15.222779415156698,0.06832787243221561,2901,9.676252018479895,0.3568273688985241,53,-48.55911286191406,-0.3201511704996775,48,-36.83364702118858,-0.14083727220537615,86,-49.00625572692635,-0.3682965815661059,13,-129.5869135169776,-0.21545066450843628,32,-81.61133876697362,-0.34950939399210407
AMZN,True,3448,367,-104.4799793245429,-1.2834340204299937,68,19.789799093628304,0.05989814879140835,2917,-18.689942178678017,-0.5204073366320383,46,-62.63983183931877,-0.28631224442534525,40,-109.02464489719334,-0.33540597743314693,78,-59.02264368313491,-0.31863386819609935,15,-314.44261641054163,-0.34535272831584385,32,-6.965800913998942,-0.0197024236389394
AAPL,True,3448,495,22.907994615236223,0.3498160982919515,79,120.61842794904997,0.498407447574795,2767,-7.108010318134991,-0.22516369901250108,49,-53.73661262532626,-0.314188125206888,48,-99.89897027259146,-0.33101938633398825,80,41.132976655964356,0.26709481229611876,11,94.39860151127934,0.23610677873138472,23,-179.86101657051597,-0.4188602113982095
F,True,3459,225,-144.67122068070321,-0.8526848989884037,119,-171.83473164815044,-0.5738440853877377,3006,10.30968753703019,0.28246288971885936,42,-313.7746973620126,-0.6855938908811756,57,-132.18774669510344,-0.3240885334465263,55,-72.14299348169943,-0.2885912204688837,16,-61.229100365322644,-0.11466431796154425,18,-109.20396076243722,-0.3222048450868954
TASI,True,3430,543,7.130832248340845,0.2092677708831791,259,-81.37957687254097,-0.7579343774353778,2525,-5.06277050486881,-0.22501827451779077,41,32.965899737955404,0.20297726081906,52,-134.5106889041665,-0.7448829093903474,75,58.92765307601247,0.6187365187022584,15,19.35784785555364,0.10799648770100133,32,39.8287867445274,0.3090104362497205
AAPL,False,1258,145,6.529233555062943,0.06346782303937695,33,358.9404799860737,1.0293729469818982,1027,-5.764437704131904,-0.11779252162024932,26,22.044017548257383,0.15484202495847763,17,-437.9318611256343,-1.314550394190055,28,88.77628461640383,0.2882711512506217,4,156.40710397711334,,5,-324.8878291619362,
ABB,False,1258,88,18.38060778510196,0.1734967521137028,53,69.55103557177567,0.47835497001730143,1062,-5.836787884122843,-0.1527901954290579,23,-0.35899344718587023,-0.0019400906337890106,22,41.05578235593848,0.19213901157291186,24,-25.53015586655926,-0.1221489462857689,7,-92.57365803115177,,13,115.52763062468199,0.3040964643761107
ABBV,False,1177,106,-26.253834365162362,-0.24227399795121712,19,450.76775314210545,1.6460091366776413,1023,-7.2528259116575216,-0.15456307943070988,12,-130.8046276427425,-0.9050249126571008,7,458.23079604939267,,23,-149.2158422710591,-0.5469006551792882,4,-135.47032131182482,,9,-126.5169473792027,
AEP,False,1258,138,-67.00849587617763,-0.8916858664780363,28,-0.5069484992344085,-0.0034743479161375578,1064,7.723041954876422,0.25311745973510963,9,-36.78563205716159,,9,152.7912263796668,,32,-33.71287976146807,-0.21009800518547156,4,95.63886711748084,,12,64.03819905066538,0.1698444465104919
AGFS,False,701,53,213.5732365800733,0.5522936262138903,38,-835.6188774246867,-0.5421161198462067,583,-10.108338575632958,-0.06965700836839735,13,1216.0767734718747,1.285795902220268,4,2629.5747844634643,,9,699.0152158958173,,3,-294.9680224688214,,4,325.8187114541104,
AMGN,False,1258,108,-94.44336908030547,-0.7293348856051521,18,78.81864916470597,0.1227812509000623,1093,4.577761049917628,0.10642727833749133,16,64.96148536245767,0.1914867507671251,13,210.6362755653089,0.5779215226083675,26,-38.467880694121355,-0.1367875829652254,2,-50.99890798727432,,14,-161.4853258081008,-0.49316397549608737
AMZN,False,1258,145,-55.42678046265951,-0.47828528461791425,16,120.16610799023223,0.19752798562425203,1064,10.931051879355914,0.2075137627268401,13,-162.30222199238145,-0.45041668535899204,10,-340.64848744918044,,32,-27.28264298651209,-0.08909697017128021,5,443.14369540569277,,15,-51.378969352051165,-0.10529479716712109
BA,False,1258,191,60.37646163386957,0.6467183337782313,30,39.39079998710213,0.1341873718824461,995,-14.375227714679967,-0.3612992408171946,14,88.07192341803191,0.2057450457950819,18,19.817582031775313,0.0885673012285187,25,19.635918283336952,0.06275467545224964,3,78.75508825745305,,12,195.23103553389026,0.6817871986614782
BABA,False,745,70,-18.49087662576376,-0.1381292307433732,28,231.91826958309315,0.5428150463545169,626,-15.036505685983519,-0.18072438382080377,11,383.0456704456837,1.0097849455609875,0,,,10,98.01365418256938,,2,270.25636497752487,,8,275.5081289247733,
BAC,False,1258,123,-49.89068098795443,-0.39456070773908114,26,-292.39428672977414,-0.7990124792954907,1069,15.899979469257636,0.3274346805861252,14,300.60968716373793,0.5260813684936516,16,-466.67552852726476,-0.9148100149748652,26,37.692059356902895,0.14592708076809988,3,658.6704428469391,,10,-13.546626105973036,
BBL,False,1258,72,-130.12077848931116,-0.706843989286387,92,-144.67799504624057,-0.5909896008232547,1058,26.200600749562923,0.4016194497056175,12,-287.18280221382076,-0.4991175477901174,14,-113.92645507051375,-0.23384906785555082,21,-27.48874424488066,-0.10628870205164807,7,6.843927745419821,,7,-35.17028848000536,
BCH,False,1258,56,-68.2315975368436,-0.7091845535922822,25,77.99950817620369,0.34533570553114645,1146,3.1271271018579503,0.10168979258765133,15,-67.34823618203131,-0.34435821250821236,6,-117.08039305676506,,18,38.17052403566398,0.21636889827630607,9,34.226588724767645,,11,-104.32401997007594,-0.25347463522906405
BHP,False,1258,76,-100.75641785943144,-0.6603743362983808,107,-89.5920763329078,-0.4896838020782697,1043,20.999563001585873,0.3378596078618471,14,-478.8438248609639,-0.8315292460347531,8,255.63865779216815,,19,-21.784970747190116,-0.07746712151503396,9,370.7400105519129,,7,-33.59329517291406,
BP,False,1258,85,-104.26473436176299,-1.1969853715245946,43,3.300397906595653,0.015733462004644993,1104,8.089094315906722,0.20077888179104725,4,-226.25920195060434,,12,57.938499483969935,0.22300611789544172,20,-51.893166071714425,-0.22101870977394175,9,234.2182156902832,,9,-87.32350511897782,
BRK-A,False,1258,160,20.668895012283826,0.4208006773000954,18,94.34485523697613,0.7758760075509671,1044,-4.65652988693893,-0.19171276726153,18,-1.5713542203312951,-0.010393546687895267,8,-14.441127287596967,,35,58.037110561350104,0.5561635014731297,5,64.0898043822902,,10,42.098808786944126,
BSAC,False,1258,73,82.84398478722717,0.7955232580982329,70,28.45106422582322,0.17871736876800054,1079,-6.765196355961177,-0.16005974887371055,23,-59.911192248655176,-0.4684817027289604,3,212.8063015086627,,22,193.24855934894876,0.7823308201805907,7,-85.00525808060556,,9,-92.74399801175512,
BUD,False,1258,52,-186.9400650658652,-1.6312031287661084,30,-96.73449270539525,-0.2895052127920276,1142,14.227626538697157,0.41362246003690056,8,-164.3975138490026,,16,-144.36570198833124,-0.5122905340345906,26,-112.54577505172549,-0.6076154641018447,2,220.34764970027868,,10,-132.14280917941736,
C,False,1258,94,-54.65950436246173,-0.3982458569730216,23,-190.2194103387387,-0.4044863989563979,1110,12.109272377556206,0.2712700529156093,11,72.26611616054662,0.19310682005839944,10,-472.3179768991016,,27,-87.91652154655347,-0.366840455724898,5,411.74819580748095,,8,150.4482555720886,
CAT,False,1258,58,-37.67057356997254,-0.45925363300302313,50,169.16930456671128,0.742137658570352,1113,-4.432389622546975,-0.10754018842891123,16,-95.2837648472481,-0.33687351087964684,11,16.74708419759782,0.02741235216952511,27,-51.59628050751902,-0.3425397225927212,5,209.92527029770176,,16,-39.26762946810041,-0.1134608388021756
CELG,False,1258,128,-92.70109892675028,-0.8049496752234655,11,391.8108689518978,0.6206997563351477,1089,6.092778322943503,0.11042208348403061,8,-239.12579435367826,,12,236.1493221080915,0.4113669837928476,25,37.93624976012843,0.11939590760932028,3,474.15293650896166,,13,-222.96661218226544,-0.3747445591025138
CHL,False,1258,68,111.77713278672059,0.6803997888068127,66,80.1883353747052,0.6543514908982102,1084,-16.34024484578749,-0.4654058078728827,12,285.07947149465804,0.8425689991214773,18,77.69981059278847,0.34005227956229717,15,-60.49026733184338,-0.19370669958279957,4,77.3690514025778,,7,-172.66893742727913,
CHTR,False,1258,120,-73.49755527887835,-0.7420926767914732,6,286.1682027993588,,1101,3.2866661082133137,0.0729782517480353,11,-80.4656968517861,-0.6113068234328718,10,436.9200696896024,,31,-93.24185318631288,-0.3621927863338961,2,-334.82981041403605,,18,33.65827604885409,0.10553807489258553
CMCSA,False,1258,82,-53.26901564378224,-0.6352540959543006,9,693.8793295957477,,1137,-1.6601066686711594,-0.053704278326329825,12,-235.77617822812564,-0.8322780068537913,8,355.00009218063036,,31,-43.774707610864915,-0.38861162762805496,3,491.8248123325366,,11,-232.51769003786546,-0.6271404547121872
CODI,False,1258,59,-83.80020661216712,-0.783479619621463,5,165.7876575024304,,1159,2.864172118324301,0.09487461255930606,11,-25.96972266018234,-0.17859724934468477,14,77.24038333784597,0.33860914697968547,18,25.592408292407516,0.135180241048957,2,-158.3898895559007,,10,-174.09219321641584,
CSCO,False,1258,69,-102.07886231043399,-0.7595913803598664,16,118.80553524263968,0.4556383674514958,1137,5.419516935511011,0.13964487974413187,19,-97.80761104801792,-0.803633695100396,7,119.84382711057451,,19,-67.71136563473847,-0.2753680226797637,4,-280.5786374623166,,17,27.290480543476146,0.151871573928488
CVX,False,1258,76,-37.71627565334389,-0.426180621798893,63,-64.33241189944152,-0.3038585343466177,1082,7.171694137755254,0.20114370900417963,16,-81.10929382994416,-0.9214378670243173,11,41.57768577698855,0.0693089672735601,22,-25.039117226413058,-0.10981085299139967,1,-214.00671253844882,,6,-88.61406766445465,
D,False,1258,108,-109.03750254825081,-1.2425688428372639,22,140.7997230198655,1.0443997074004205,1100,9.166260669784497,0.32570623249949665,6,-342.9819658686165,,12,54.4551189352321,0.5662303567417243,19,-51.27596569903722,-0.2553963799426468,4,137.25284525561554,,9,21.999863857977637,
DHR,False,1258,104,-13.001152597232847,-0.22308172637459714,7,319.6846570859483,,1118,-2.0258811317698475,-0.0731859527517493,6,-36.55946517582385,,13,122.97070514493913,0.4747850286820088,33,-38.25803529956877,-0.38512045627105757,7,-70.19278085668523,,12,79.1957248538786,0.32076907067801985
DIS,False,1258,126,-19.57911479216934,-0.25399445985244357,19,44.32432584387044,0.15107334684901366,1079,5.07253091603827,0.1492065884877592,9,-24.342380853674882,,15,-241.95821052949492,-0.6932092839692455,29,-81.58600861071622,-0.5222983998602124,4,17.556892676902315,,14,-50.29113435390561,-0.1485824723056634
DUK,False,1258,131,-48.060598592634335,-0.6569754354663457,36,0.42309892739671656,0.003249375220687682,1067,6.441464174789283,0.21761766367645735,7,-116.56032394487436,,7,31.94097819468263,,28,-35.292025030986096,-0.19673243764681753,5,173.49308121267,,14,-96.67200198452733,-0.2614202506862539
EXC,False,1258,107,88.71446052131107,0.8373358939910729,28,70.01713449109485,0.2517905821291414,1098,-10.864308631142357,-0.26852264924002106,5,-7.969268327313846,,10,51.593017709992715,,15,103.22751941294139,0.46839442755363797,7,-86.6188874235387,,4,-27.572795168247616,
FB,False,1258,133,-167.41930325352433,-1.2560487718479136,10,147.19655574865155,,1088,16.68494193459739,0.2644685173057047,9,-91.90876219815215,,8,433.59547627170036,,25,-138.2678261134959,-0.43722577456999717,1,315.8317592132502,,11,-41.118795672311876,-0.09649137017802963
GD,False,1258,183,-63.621974337640715,-1.0764329551892666,10,127.99773808427007,,1033,4.87614560749659,0.14810908006641277,9,250.42433149728328,,13,236.30511745584616,0.5177928692183804,40,24.098078293563454,0.18669185105032618,2,-374.4166955531018,,17,-45.70376488376613,-0.19195474314244737
GE,False,1258,74,-21.53786175267025,-0.21578933900217367,38,166.51406262098573,1.1086532012747516,1121,-4.760528168547033,-0.14909631001770068,3,228.34755747812184,,12,-6.851933782749481,-0.050938618121743336,20,-141.08713915959112,-0.8004489356244117,8,82.43972136781824,,10,-23.498916566480325,
GOOG,False,1258,119,-45.56749705673625,-0.4506796013770686,14,385.5557694774573,0.9562384951463281,1087,2.1069165681886655,0.05075709048592572,21,-97.53201261145071,-0.5634450906297356,7,-31.042095387626215,,21,62.955473809350366,0.2159179360061939,6,-6.142171586799803,,9,116.731195466254,
HD,False,1258,114,-52.4567212075674,-0.5630992291568937,27,158.64920054317307,0.9489538607878789,1080,3.211372418931801,0.10393700403769966,19,-133.01562842291165,-1.0256059518162441,8,94.44406632325169,,32,-66.35809034362099,-0.384235105055982,5,50.16450896980074,,12,122.19893991076155,0.49349283885598977
HON,False,1258,88,-33.51888665629757,-0.4391199797429993,11,536.979216741609,1.2999186740048096,1129,-4.03903888668634,-0.15598568060650972,12,-14.47018500681719,-0.16254071743715223,8,222.07597059339653,,25,-50.767253759839384,-0.3922941664754745,3,56.02680828490427,,12,138.4695821360064,0.6094554286530689
HRG,False,1258,91,-127.27871708821105,-0.6461063220066988,25,195.4702259981443,0.6856321626676091,1090,6.960912608103511,0.13930137101987966,22,-56.008447574072434,-0.2512940194531394,20,17.019935443518293,0.053812341637443896,23,-298.87875090829607,-0.5130172225569593,5,-68.47159279429809,,10,-35.438185849753694,
HSBC,False,1258,106,4.495197817348288,0.0456311342745602,48,145.77890386935547,0.6918516250673474,1066,-10.471518058123875,-0.29297385812833326,18,172.01102618742001,0.6097346256959932,10,59.25614242185037,,23,38.39237470518589,0.176247392372921,12,36.08529575376203,0.10155116836848575,6,129.90556148605413,
IEP,False,1258,87,157.20306498806576,0.42489345441318244,56,133.76676761273856,0.38375890171807747,1080,-18.071270820064044,-0.2683974456322583,9,242.8072459894977,,16,-239.74364803196138,-0.6789031962816102,14,294.0200578808992,0.4468667363686973,6,41.7833594192711,,5,-61.599675662123786,
INTC,False,1258,109,64.18078991161286,0.5601359355957192,28,71.67778101127416,0.31269858819488194,1089,-9.072791666238299,-0.23320047167415472,8,61.881448700750184,,14,27.323897589001213,0.0713852687505145,21,18.20125239382497,0.07787345130806031,5,225.6336596411111,,11,-177.93762433168516,-0.31276337927890985
JNJ,False,1258,185,10.597626923120561,0.19438107105770674,8,532.964263218984,,1033,-9.360077350994654,-0.36086170140773005,15,76.52377027066389,0.420120981479702,7,328.1183232840493,,30,-31.108373344586074,-0.27452924621271424,6,-77.49984165642651,,11,-92.43368973607465,-0.3904698634336499
JPM,False,1258,114,-47.30498188490793,-0.6168967756403502,22,137.76364303232882,0.6033980826160716,1086,-2.1792176922806257,-0.05868699652932277,17,148.26518487151026,0.4800525418846146,9,245.3433399077082,,37,-45.174092260707425,-0.3156977144246702,5,211.58627633844677,,15,-45.56609819013047,-0.14788415213960818
KO,False,1258,78,-64.24239550763471,-0.5556040320863037,32,70.67684330245588,0.5764185144869614,1121,3.375959962103623,0.14408924426438974,11,-110.7074451154348,-0.409742214476765,6,30.429773778090173,,22,-30.51793585065418,-0.27182366030718785,7,31.710873203111618,,13,-42.88039464936151,-0.13949621067563328
LMT,False,1258,176,-90.03483499949317,-1.386348881170009,9,74.19474861853296,,1044,12.429494205320086,0.41271365339391936,6,-36.30918772105902,,13,186.14164602432263,0.5831015989274932,35,-75.02937382253485,-0.5311500590079614,2,33.94459516225438,,19,162.58838717921296,0.6707087022268995
MA,False,1258,119,-141.50294604732952,-1.9350531218172642,14,29.571011510240684,0.0954925088724085,1085,15.491180239215428,0.46456521890067465,13,-87.2037851664011,-0.7751599550751239,17,44.15147447666633,0.11265398485550226,27,-8.215295432236825,-0.06544047253847395,1,669.5843303635297,,15,115.73218056509286,0.43178834407074085
MCD,False,1258,123,11.360823840916236,0.15370670750161033,23,-3.7705402585746217,-0.026968249734797823,1061,-3.6324812585574855,-0.1418438629131601,29,148.05864118458922,1.0812822687266814,12,-145.85807379242382,-0.9404929426696356,24,5.934752750508436,0.027295820936091352,5,-102.24221880595991,,14,109.32269374674489,0.5893699162072948
MDT,False,1258,109,-48.01181409509798,-0.5991369163568206,9,269.49961557780244,,1100,4.101404499920185,0.13307922070416833,15,-108.47068303113454,-1.0006293736716252,15,-5.112900551982694,-0.018838884556988972,23,25.24690833454399,0.12265748113564393,3,-57.2934836120487,,11,-36.668581145054745,-0.12057848629202154
MMM,False,1258,171,-3.7169142224081138,-0.07956588047452157,19,338.5180299216347,0.9126568197208018,1024,-9.30364366541371,-0.3173106645506583,19,29.951095520343454,0.2670564158250073,15,210.7740041345224,0.5593806884444952,25,53.09221698174011,0.3929530372846347,3,-7.44317378283392,,17,-65.52695268393552,-0.3526154702921867
MO,False,1258,210,-40.4601265949354,-0.6699175926183887,24,134.79743821675348,1.0825332805351329,980,8.14361294236315,0.2407315991053857,20,-109.74560385449053,-0.47713899045498503,14,-37.45289562083815,-0.19106684308664595,40,44.96444947412066,0.28524914218210784,1,278.4661016495535,,10,-164.56178809005343,
MRK,False,1258,47,-114.31520481447922,-0.919330251817147,16,416.8928773873681,2.391936609546899,1161,0.22987542684954787,0.0077124525705879994,17,-195.52261687126284,-1.2312889856952063,7,251.3611006173965,,16,-17.14981538943103,-0.09815737234562091,4,-159.8337421721088,,13,-37.75855571936874,-0.10295784020237235
MSFT,False,1258,92,-58.68950262058441,-0.5516804203211056,14,336.6062701207933,1.560538766981713,1127,1.6074650181151287,0.04244481064643737,11,-182.4605336513757,-2.0371202724920066,4,220.5998135380111,,28,-111.72893328770822,-0.5195039588060258,2,672.9934524728137,,14,2.7178984316967094,0.006815697051623552
NEE,False,1258,110,-9.250241965558608,-0.12655763889594615,12,258.0879679969766,1.421331101104593,1095,-2.5259322252771734,-0.08776017173599591,15,46.865371370001654,0.25088993998534737,16,-1.0383614764871958,-0.0071506405926898085,29,-17.727119591202083,-0.12026610416615392,4,214.76257871914595,,18,10.973814108214324,0.03662601435179187
NGG,False,1258,110,-37.572487353047656,-0.482708701701864,32,43.46201161642238,0.2823034408033646,1079,1.882093415532345,0.0666509902249225,12,4.603212693901939,0.016183757166497763,15,43.74479262823383,0.20464559848212502,22,-10.997419686291376,-0.06220950193085377,7,-198.85405267819903,,13,15.08808460477903,0.07361504683426932
NVS,False,1258,106,-7.849907998051352,-0.12191641276493927,38,-23.70199789024868,-0.11862001547770326,1074,0.6635288408108884,0.022790206963949178,14,61.547724234151666,0.31541338989792866,16,9.904253332116228,0.03450440187972031,24,-33.79555407989451,-0.25822769165596654,4,148.3693719309205,,20,21.81213641306581,0.13296591903078342
ORCL,False,1258,63,-187.0678455366971,-1.7663296481498687,17,125.91631743398808,0.746871286493488,1144,6.708386294146606,0.19535623006546243,15,85.53247124024904,0.2845602729338195,9,76.36843148074033,,26,-214.6432494746377,-0.9569942589957429,1,494.6120354566933,,9,208.4272748556109,
PCG,False,1258,110,-22.450638252362495,-0.24085651003417813,25,-18.000713115199364,-0.10170868223331453,1101,2.868984424077633,0.0957083509108701,6,-215.4322028281271,,6,175.57156694985665,,27,8.2085098708951,0.03600176193230404,6,78.84655862434252,,13,75.26181946127973,0.2892943087290544
PCLN,False,1258,146,-221.10914477162464,-1.8492673127700574,25,89.4293311522375,0.18475365392459714,1058,32.30166224381507,0.6468626313206838,5,-508.4022665930428,,14,-113.35324736713285,-0.27912189700787116,35,-102.89890784072898,-0.42040237732280633,6,114.4438639059867,,8,-104.03398871622589,
PEP,False,1258,98,-34.44732483589531,-0.5342687180061925,21,47.296689488860665,0.3122593988863959,1108,2.5024979147541666,0.11134383936102048,16,-38.05550149450751,-0.24345632705982795,5,43.74553780323289,,29,-59.923134672104325,-0.4387023216465733,2,353.18723127008457,,14,61.87835657871283,0.37242834768865885
PFE,False,1258,105,-20.389155160824888,-0.21949951458496336,16,142.72602224495904,0.3428515795040132,1104,-1.3997728588624088,-0.0469500191113463,8,-60.01876837901694,,15,125.51628794556716,0.39455436633712315,24,31.348562790284788,0.1860106441222342,2,-14.877461321527782,,7,-156.8408770096225,
PG,False,1258,78,-58.54448436266304,-0.8438567601705541,18,-22.73195172387993,-0.10220842976497181,1134,7.959907474030501,0.3359768760357754,8,35.684509268950606,,10,-433.6366238384645,,23,-50.93698083389603,-0.3281537880514528,3,-6.069375967952487,,15,-38.68924543374535,-0.1900580449512582
PICO,False,1258,35,-22.23918703720483,-0.10113322662756205,56,75.11429147927275,0.3077142848212441,1119,-4.385097913363583,-0.07433242460492946,21,61.26982884906782,0.18364984731206593,17,11.307610746254037,0.021123365119258414,14,-204.29789809015392,-0.42995847629622214,11,125.53433556089445,0.35293958401166936,9,329.50402255658713,
PM,False,1258,109,37.6781556124956,0.44847328580591433,42,174.19189712429701,1.3288201939654076,1062,-12.991092283639261,-0.42945150656494885,26,119.11761447718024,0.47587531358295976,9,-80.38851246269772,,18,-23.188827711008585,-0.0999144577086077,4,56.175016986536605,,11,-55.35488956180253,-0.19431411558204026
PPL,False,1258,98,-92.99459237568425,-1.038335711173986,24,81.66055161291956,0.3535698976709072,1104,7.408733976220576,0.26733484387299233,12,-185.69583329466346,-0.4007178370299266,10,120.27245038954364,,21,-36.04850128794641,-0.24020595446230364,6,-26.337192527848586,,9,59.39028810273726,
PTR,False,1257,91,32.390455050634515,0.25981533241735744,131,11.500287002869012,0.07466636540559732,1004,-6.980078589732668,-0.12966537726788044,12,123.56078701972007,0.56723384689143,9,119.02227254126294,,17,90.80615541660438,0.249686124543119,9,88.41325487057964,,6,206.8101895770871,
RDS-B,False,1258,75,-103.20180754410572,-0.7993743290559382,45,252.89205289276222,0.8364930814805953,1105,-2.0298616604272057,-0.048464203087882914,13,-190.89664809165447,-0.9145498517949882,10,108.46467455971857,,16,-9.472974935578174,-0.03317800596675781,4,73.84603457942777,,3,-258.86779925389345,
REX,False,1257,145,83.75992606204618,0.3633187278351583,31,-42.49045365787048,-0.08765578981060436,1046,-16.987575827781605,-0.19028574551109917,15,389.2526977550874,0.6248042903546719,10,110.22286339305774,,21,131.61703950289257,0.15926856532811676,1,-127.22235487384033,,9,-99.22402810597022,
SLB,False,1258,96,98.47395421105277,1.0000514050126377,38,190.72305617882697,0.6824448545243433,1093,-17.97966370643835,-0.445769409850756,5,391.90291048594526,,16,61.95513372818045,0.2098369620473628,18,133.35116304846335,0.5755034303377132,9,61.02515382529699,,9,-22.208248721789303,
SNP,False,1257,79,-113.29258509988239,-0.7770653679625166,70,8.8330802114739,0.04239180965074451,1077,7.276438453756972,0.1507286363479145,13,141.12891755833533,0.3079005876555727,8,-167.45019185838524,,22,-184.62733598699984,-0.5952407682240345,6,245.1486696401753,,10,168.05218610098416,
SNY,False,1258,30,45.70477203639304,0.3160911280990588,24,120.44937951163787,0.4441665289327076,1171,-2.7716947055258494,-0.0780730317370545,14,-17.984187845430885,-0.11360304168994728,9,-84.94390437381134,,11,56.37076315336818,0.20939513286240571,7,115.65808705488702,,13,147.13659562015417,0.5073860106361967
SO,False,1258,82,-105.48487439004751,-1.0576041882334675,41,-46.21848752650819,-0.46872796402892625,1103,11.829359615785032,0.47170572216576284,6,-500.18294674423055,,16,31.126982051575997,0.14017468597563884,22,-30.652441234424206,-0.25266375845818306,4,190.6826939271215,,7,-52.49871151586387,
SPLP,False,1258,49,-38.86420169446209,-0.3188930244171613,26,-448.5319241209528,-1.2128841647621909,1128,12.699831471780803,0.39963350930175173,22,-31.142338033363888,-0.19688729867873622,23,-3.221850141797023,-0.018880273257142616,16,85.86210809166883,0.2833987154469362,3,270.8322458964425,,10,0.2068543226654944,
SRE,False,1258,91,-70.80281155431868,-1.1531019958194417,15,211.82680529588697,0.9238706588261028,1118,2.4511881334276704,0.08375890167317898,13,-24.151309523700892,-0.14261843468602403,11,76.29022387642563,0.2603805574400701,26,-78.68914391723106,-0.5827744190258096,3,-520.6295179406089,,11,-9.619929492950051,-0.05038725254512151
T,False,1258,92,21.63336315953508,0.255650854973714,36,160.2043176568876,0.9546271473508808,1098,-7.674275855015892,-0.2828878963355624,11,42.44467167731395,0.1815132474782178,11,18.348968548347063,0.08254260425539761,18,27.693037667744424,0.15085986888065225,5,54.94518780695873,,11,-40.94558248810808,-0.14513808783381113
TM,False,1258,97,-13.957283979139914,-0.11029477968023867,44,87.65666454809683,0.47501864539170446,1082,-4.992428527616714,-0.1484154949980444,10,57.06490672120399,,15,155.20812703530328,0.9237470168447526,20,18.029150342405234,0.07402529701323148,1,62.33264874264705,,7,58.50766350165867,
TOT,False,1258,90,13.794779537338878,0.17019617064530002,33,294.35561864265094,1.326518862855377,1103,-10.256011086087646,-0.2591069278691703,11,-48.09781062997048,-0.205585298479587,11,80.56277921058044,0.23862723933628255,19,-11.381436693375358,-0.05157048578973032,6,12.013263719570858,,9,91.35500154087381,
TSM,False,1258,85,-186.7517712247829,-1.824502526418363,20,160.93036246298598,0.6827769595408634,1114,14.180538285489462,0.3711584447617047,23,-144.69611185962103,-0.48389291368379983,6,31.030704597139977,,30,-169.62046249032198,-0.95336082072806,5,268.28523707029603,,12,-22.11612320234788,-0.07917565436163246
UL,False,1258,71,-35.64119366814018,-0.3524756245727584,46,19.226258466777253,0.11968809965637137,1094,3.0887559677229754,0.09452558000882466,21,84.2670343150361,0.4552713860429749,16,-218.91186802115558,-1.025225288086736,21,-99.92886642093183,-0.5050447944182869,7,292.6675976030207,,10,50.54497394818333,
UN,False,1258,81,-54.96807703852621,-0.5000301918915993,46,9.398850452452637,0.06083057571351924,1079,2.783856463382159,0.08376172927366948,28,102.10284955572052,0.6225517917915563,14,-131.61384230297926,-0.4754524551333347,19,-186.60602721013896,-0.6111025127896161,4,185.92332942066545,,12,20.506526713321744,0.14153940217355135
UNH,False,1258,138,-134.29753559543903,-1.6631824498018781,3,-110.84562543217208,,1094,14.900969814282726,0.4282495695836151,2,-274.96159984245725,,11,283.07809193879154,1.8249930240721464,40,-42.34920817793495,-0.2526403645901017,1,499.5710689598527,,16,-33.45768322483796,-0.19240578962607488
UPS,False,1258,150,-40.12183974513703,-0.7098747482666866,26,97.11724917223559,0.5704735757869254,1045,1.7263785792799593,0.059205252816477726,5,-38.7508171997386,,22,85.58708881561662,0.6553045911935462,29,21.43830833038213,0.10842391890949674,2,128.14595800756635,,13,34.194907652681685,0.19287860144248312
UTX,False,1258,81,-50.757249612612746,-0.5120218587958584,49,-117.8519138823185,-0.805355356793295,1091,9.712209358866883,0.31045421898574677,13,-160.09457566166122,-0.6364544602122482,14,97.94929085236237,0.23660780233089265,24,-44.34948786853601,-0.219207111889167,5,284.50093561977616,,9,-29.13771326256894,
V,False,1258,127,-83.92983354250619,-1.0679554150259682,9,365.9218979294628,,1091,8.392033595772636,0.2579567109458609,11,-85.69009003625816,-0.4893185441023335,10,-84.73258840559852,,34,7.583389186182983,0.04384848841891922,2,-142.882988254268,,13,-143.05033404433715,-0.4112917971315884
VZ,False,1258,119,62.52363066566712,0.7755866409439117,39,34.237288180667555,0.2465083376021738,1066,-6.026603129890602,-0.1928207356043588,12,-115.04408751595626,-0.5889943502718881,12,-80.88985846713184,-0.24789010651629942,15,89.44681668673812,0.39587170388853976,5,-219.23239447789084,,5,-266.74466916511466,
WFC,False,1258,82,-75.74879647132738,-0.7157604009798243,19,248.69761590023768,0.8448915068128989,1119,-0.8601808301279577,-0.027403102151739463,10,291.0078230720079,,18,-25.632737403475264,-0.09178071866630193,27,-65.62906109779418,-0.32446576388776427,5,293.466850737621,,20,-1.4513563379088892,-0.008322806750862425
WMT,False,1258,85,4.976882654829325,0.05435438806963273,53,5.547856855379028,0.06065961285808114,1074,-0.2603170108588759,-0.008759020799602403,23,17.835661125605096,0.1343463783063413,13,-65.2085519401593,-0.3979788410867583,17,-15.78211321804222,-0.06468571515633084,4,-61.077524850637275,,9,46.591053025750625,
XOM,False,1258,50,-47.663151248360265,-0.4281903005488016,50,131.61379698848705,0.9619716849366895,1135,-6.012731167268031,-0.217804993471439,7,103.56684188380821,,6,316.9916157760366,,15,-35.53002833244277,-0.14100300663107102,7,54.29590100821151,,8,119.06260624662957,
