,0
limdn20,1015.0158585309982
lo52,893.3847475647926
size,859.2196852862835
age,795.059222817421
vol60,786.2340481877327
range20,774.4118639230728
mom12_1,739.9107410013676
breadth200,718.7393022179604
hi52,693.9186820983887
mkt_vol20,672.8123032450676
amihud,655.2416584789753
ksa_r20,646.0990568995476
limup20,595.7221857905388
dma50,588.6449563205242
dma200,582.6842057108879
skew60,531.650983273983
r60,526.526330113411
mkt_r20,478.1699181199074
grp_r20,406.5325716137886
r120,403.1225380897522
oil_r20,395.1195301413536
breadth20,394.5918919146061
mkt_disp,380.86291003227234
mkt_r60,380.034440100193
max20,350.9396655857563
volratio,286.83705499768257
ovn20,279.16427701711655
min20,268.8418301343918
intra20,268.12958097457886
spx_r20,265.85781490802765
rsi14,232.75003638863564
vratio5,224.1851962506771
vol20,223.9832007586956
vix_r20,214.6586577296257
dma20,213.66490796208382
ksa_r5,198.27544063329697
bbpb,195.95620262622833
mkt_r5,158.31599241495132
r20,154.28355145454407
rel_grp_r20,144.82082450389862
r10,136.5925410091877
vratio1,126.40148350596428
mkt_r1,111.90662133693695
oc_t,98.0503386259079
clv5,95.14240205287933
r1,86.18168181180954
ovn5,78.67730823159218
spx_r5,75.86424219608307
grp_r5,75.31725093722343
r2,62.09062710404396
oil_r5,59.9203819334507
intra5,54.81877589225769
rel_grp_r5,43.54051887989044
vix_r5,42.401171028614044
r5,40.58361503481865
rsi2,39.7895872592926
clv,39.21736025810242
gap_t,37.790422171354294
